-- TASK 1 
CREATE DATABASE SALES_DPT;

USE SALES_DPT;

CREATE TABLE IF NOT EXISTS SALESPEOPLES_DATA (
    SALESPERSON_SALESID INT primary KEY,
    SALESPERSON_NAME VARCHAR(20) NOT NULL,
    SALESPERSON_CITY VARCHAR(20),
    COMMISSION_RATE INT
);

 -- TASK 2
CREATE TABLE IF NOT EXISTS customers_data (
    c_customerid INT PRIMARY KEY,
    c_firstname VARCHAR(20) NOT NULL,
    c_lastname VARCHAR(20) NOT NULL,
    c_city VARCHAR(20) NOT NULL,
    c_rating INT NOT NULL,
    sales_id INT,
    foreign key (sales_id)
        REFERENCES salespeOPLES_data(SALESPERSON_salesid)
);

SELECT * FROM SALESPEOPLES_DATA;
SELECT * FROM CUSTOMERS_DATA;

-- TASK 3
CREATE TABLE IF NOT EXISTS ORDERS (
    ORDERED INT PRIMARY KEY,
    AMOUNT INT NOT NULL,
    ORDERDATE DATE NOT NULL,
    CUSTOMERID int,
    FOREIGN KEY (CUSTOMERID)
        REFERENCES CUSTOMERS_DATA(c_customerid)
);

-- TASK 4
insert into SALESPEOPLES_data values (
1001,'WILLIAM','PRAGUE', 12),
(1002,'LIAM','SAN JOSE',13),
(1003,'AXELRODx','NEW YORK',10),
(1004,'JAMES','LOSANGELES',11),
(1005,'FRAN','TAIWAN',26),
(1006,'OLIVER','BARCELONA',15),
(1007,'JOHN','LONDON',0),
(1008,'CHARLES','FLORIDA',NULL
);

-- TASK 5
INSERT INTO CUSTOMERs_DATA VALUES (
1001,'HOFFMAN','ANNY','HAWAII',10,1001),
(1002,'GIOVANNI','JENNY','RIYADH',40,1002),
(1003,'LIU','WILLIAMS','SAN JOSE',70,1003),
(1004,'GRASS','HARRY','BERLIN',30,1004),
(1005,'CLEMENS','JOHN','LAUREL',20,1005),
(1006,'CISNEROS','FANNY','SANJOSE',80,1006),
(1007,'PEREIRA','JONATHAN','ROME',90,1007),
(1008,'thomas','shelby','romamia',50,1008
);

-- TASK 6
INSERT  INTO ORDERS VALUES (
3001,123,'2020-02-01',1001),
(3002,100,'2000-07-30',1002),
(3003,187,'2020-10-02',1003),
(3004,201,'2011-10-09',1004),
(3005,167,'2020-04-02',1005),
(3006,189,'2020-03-06',1006),
(3007,145,'2012-10-10',1007),
(3008,200,'2012-02-23',1008
);

-- TASK 7
 descRIBE CUSTOMERS_DATA;
 describe ORDERS;
 
 -- TASK 8
DELETE FROM ORDERS 
WHERE
    ORDERED = 3009;
 
 -- TASK 9
DELETE FROM SALESPEOPLES_DATA 
WHERE
    COMMISSION_RATE = 1001;
    
    -- TASK 10
UPDATE ORDERS 
SET  
    AMOUNT = (AMOUNT + 1.2 * amount)
WHERE
    AMOUNT <= 100;
    
    -- TASK 11
     ALTER TABLE customers_DATA ADD INDEX RATINGS(C_RATING);
     
     -- TASK 12
UPDATE SALESPEOPLES_DATA 
SET 
    COMMISSION_RATE = 28
WHERE
    COMMISSION_RATE = 26;
    select * from salespeoples_data;

    -- TASK 13
UPDATE CUSTOMERS_DATA 
SET 
    C_RATING = 150
WHERE
    C_RATING = 100;
    
SELECT 
    *
FROM
    SALESPEOPLES_DATA;
    
    
SELECT 
    *
FROM
    CUSTOMERS_DATA;
    
    
SELECT 
    *
FROM
    ORDERS;





